ds,Forecast
2018-05-01,24926.036421349294
2018-05-02,24882.42488797545
2018-05-03,24819.830638935495
2018-05-04,24784.52759934802
2018-05-05,24726.14944879586
2018-05-06,24673.12682312882
2018-05-07,24623.689729160684
2018-05-08,24599.121690772627
2018-05-09,24572.1575569926
2018-05-10,24530.790147182604
2018-05-11,24520.993318165874
2018-05-12,24492.020149139396
2018-05-13,24471.843619488725
2018-05-14,24458.164473534645
2018-05-15,24471.67275672477
2018-05-16,24484.454862857834
2018-05-17,24483.811120252612
2018-05-18,24514.991300706595
2018-05-19,24526.50649644576
2018-05-20,24545.584445584966
2018-05-21,24569.192668708816
2018-05-22,24617.31554120158
2018-05-23,24661.37676196207
2018-05-24,24688.071858521318
2018-05-25,24742.117726200304
2018-05-26,24771.577272747112
2018-05-27,24803.325898307372
2018-05-28,24834.08385594186
2018-05-29,24883.7003426298
2018-05-30,24923.580557789734
2018-05-31,24940.52020393649
2018-06-01,24979.454325484676
2018-06-02,24988.778523207315
2018-06-03,24995.809310019973
2018-06-04,24997.807759068954
2018-06-05,25015.252467989583
2018-06-06,25020.253314828667
2018-06-07,25000.370777742588
2018-06-08,25001.34806386404
2018-06-09,24972.41447744045
2018-06-10,24941.727218809363
2018-06-11,24907.376213419335
2018-06-12,24890.63845371135
2018-06-13,24864.37378696354
2018-06-14,24816.827365394478
2018-06-15,24794.34642285709
2018-06-16,24746.670190704746
2018-06-17,24702.36048011788
2018-06-18,24659.797809985277
2018-06-19,24640.42977957956
2018-06-20,24617.163766156085
2018-06-21,24578.169237315033
2018-06-22,24569.597340406734
2018-06-23,24540.876503838626
2018-06-24,24520.151426139448
2018-06-25,24505.290110698686
2018-06-26,24517.145360347655
2018-06-27,24527.96247051398
2018-06-28,24525.198022182278
2018-06-29,24554.25701095502
2018-06-30,24563.806598773714
2018-07-01,24581.233394495855
2018-07-02,24603.668461073685
2018-07-03,24651.266006724338
2018-07-04,24695.627068568658
2018-07-05,24723.632693910997
2018-07-06,24780.193505027975
2018-07-07,24813.57363466199
2018-07-08,24850.855708798797
2018-07-09,24888.970902012363
2018-07-10,24947.97992994213
2018-07-11,24999.496265134316
2018-07-12,25030.516133438934
2018-07-13,25086.162300579068
2018-07-14,25114.999827578413
2018-07-15,25144.49072506437
2018-07-16,25172.011839645627
2018-07-17,25218.122190415535
2018-07-18,25254.971430771642
2018-07-19,25270.11440619375
2018-07-20,25309.239243948516
2018-07-21,25321.46758084878
2018-07-22,25334.79427583753
2018-07-23,25347.09133533899
2018-07-24,25379.36263151008
2018-07-25,25404.141408409447
2018-07-26,25409.295815948764
2018-07-27,25440.750119389104
2018-07-28,25447.780339713918
2018-07-29,25458.45175493123
2018-07-30,25470.623006149555
2018-07-31,25505.203337555093
2018-08-01,25534.55484974199
2018-08-02,25546.304830279612
2018-08-03,25586.075578706663
2018-08-04,25602.790203398632
2018-08-05,25624.12150373925
2018-08-06,25647.50833560969
2018-08-07,25693.42562458511
2018-08-08,25733.79953330308
2018-08-09,25755.832476468717
2018-08-10,25804.74504338715
2018-08-11,25829.09297138604
2018-08-12,25856.225981929525
2018-08-13,25883.312616500323
2018-08-14,25930.617023295148
2018-08-15,25969.919040914916
2018-08-16,25988.34216910992
2018-08-17,26031.096442092323
2018-08-18,26046.794362769007
2018-08-19,26062.90678271079
2018-08-20,26076.782992891178
2018-08-21,26108.921154516982
2018-08-22,26131.380638663115
2018-08-23,26131.601124277764
2018-08-24,26155.135758254808
2018-08-25,26150.956843774962
2018-08-26,26146.901259736653
2018-08-27,26118.952252256815
2018-08-28,26109.683749740158
2018-08-29,26091.47963590233
2018-08-30,26052.07252026393
2018-08-31,26037.26982716209
2018-09-01,25996.253801353356
2018-09-02,25957.022776407175
2018-09-03,25917.398383174568
2018-09-04,25898.28517906104
2018-09-05,25872.074547669086
2018-09-06,25826.457921236106
2018-09-07,25807.156749443468
2018-09-08,25763.227715312
2018-09-09,25722.510350386747
2018-09-10,25682.64149983177
2018-09-11,25664.322866293965
2018-09-12,25639.73321319298
2018-09-13,25596.35000249752
2018-09-14,25579.687613527833
2018-09-15,25538.610375456992
2018-09-16,25500.787314977635
2018-09-17,25463.71284401874
2018-09-18,25447.979422479693
2018-09-19,25425.693620384605
2018-09-20,25384.300240466073
2018-09-21,25369.321579086427
2018-09-22,25329.670036717038
2018-09-23,25293.101005448374
2018-09-24,25257.230330661954
2018-09-25,25242.802497665467
2018-09-26,25222.101123100758
2018-09-27,25182.766601900446
2018-09-28,25170.5282055379
2018-09-29,25134.509081597946
2018-09-30,25102.671334162693
2018-10-01,25072.825739279826
2018-10-02,25065.892500325688
2018-10-03,25054.304865872575
2018-10-04,25025.8206847208
2018-10-05,25026.249391746285
2018-10-06,25004.753040304236
2018-10-07,24989.288689031604
2018-10-08,24977.616784334004
2018-10-09,24990.5619864197
2018-10-10,25000.418259329075
2018-10-11,24994.76325246007
2018-10-12,25019.189376711405
2018-10-13,25022.61006009698
2018-10-14,25032.70832372424
2018-10-15,25046.95212184093
2018-10-16,25085.86267200202
2018-10-17,25121.427356939592
2018-10-18,25140.921977417107
2018-10-19,25189.649509633342
2018-10-20,25216.253609165055
2018-10-21,25248.173774025447
2018-10-22,25282.66640412155
2018-10-23,25340.077805331868
2018-10-24,25349.691677830873
2018-10-25,25341.26025585823
2018-10-26,25360.037205743214
2018-10-27,25354.659491449263
2018-10-28,25352.600655537855
2018-10-29,25351.188723379095
2018-10-30,25370.874893040324
2018-10-31,25383.644601692897
2018-11-01,25376.835829788302
2018-11-02,25395.871948697917
2018-11-03,25389.567571292242
2018-11-04,25385.574593914116
2018-11-05,25381.392992425004
2018-11-06,25397.63278492956
2018-11-07,25406.418990786475
2018-11-08,25395.204666563
2018-11-09,25409.499517283497
2018-11-10,25398.17270174709
2018-11-11,25388.89714072766
2018-11-12,25379.159967763007
2018-11-13,25389.525565786884
2018-11-14,25392.043001894595
2018-11-15,25374.06287554057
2018-11-16,25380.970966585468
2018-11-17,25361.497146433576
2018-11-18,25343.166666333742
2018-11-19,25323.318234320323
2018-11-20,25322.375069171947
2018-11-21,25312.26046995604
2018-11-22,25280.22263239419
2018-11-23,25271.57581302161
2018-11-24,25235.016026696696
2018-11-25,25198.078130662874
2018-11-26,25158.158471234623
2018-11-27,25135.789079567712
2018-11-28,25103.05479375213
2018-11-29,25047.41792367904
2018-11-30,25014.457496053143
2018-12-01,24953.18125580102
2018-12-02,24891.477323583815
2018-12-03,24827.129787630925
2018-12-04,24781.084372245557
2018-12-05,24725.855766317592
2018-12-06,24649.341479444196
2018-12-07,24597.549552630957
2018-12-08,24519.898619989744
2018-12-09,24444.657562925287
2018-12-10,24369.949388656736
2018-12-11,24317.00583061514
2018-12-12,24258.56460025327
2018-12-13,24182.67448463627
2018-12-14,24135.41591402992
2018-12-15,24066.195754245862
2018-12-16,24003.183776256683
2018-12-17,23944.315591444498
2018-12-18,23910.548646332943
2018-12-19,23874.26323835993
2018-12-20,23823.073712538528
2018-12-21,23866.63719991616
2018-12-22,23889.719294983843
2018-12-23,23919.882277273195
2018-12-24,23954.4219985225
2018-12-25,24013.638884864675
2018-12-26,24069.254801130784
2018-12-27,24108.24052942788
2018-12-28,24175.560956574103
2018-12-29,24219.49612121847
2018-12-30,24267.104910400132
2018-12-31,24315.255489725754
2019-01-01,24383.908334220218
2019-01-02,24444.54309180535
2019-01-03,24483.993726977264
2019-01-04,24547.19879249194
2019-01-05,24582.524798571187
2019-01-06,24617.229359438927
2019-01-07,24648.48816680514
2019-01-08,24696.671700153074
2019-01-09,24733.763025815453
2019-01-10,24747.181327409984
2019-01-11,24782.518281075976
2019-01-12,24788.845574963914
2019-01-13,24794.16063888588
2019-01-14,24796.3950662468
2019-01-15,24816.672105904447
2019-01-16,24827.70506684562
2019-01-17,24817.60177936146
2019-01-18,24832.58272418836
2019-01-19,24822.271610702523
2019-01-20,24815.125922355375
2019-01-21,24809.43232212648
2019-01-22,24826.553653463638
2019-01-23,24839.319674707927
2019-01-24,24835.826894856327
2019-01-25,24862.155268970553
2019-01-26,24867.660599512248
2019-01-27,24880.410143152363
2019-01-28,24898.186213443452
2019-01-29,24941.744330977228
2019-01-30,24983.21779821749
2019-01-31,25009.933735634782
2019-02-01,25067.147944255044
2019-02-02,25103.356995829825
2019-02-03,25145.754564739316
2019-02-04,25191.256278780853
2019-02-05,25259.779112757493
2019-02-06,25322.666673581778
2019-02-07,25366.52489798809
2019-02-08,25435.975038733402
2019-02-09,25478.98189020026
2019-02-10,25522.32386773622
2019-02-11,25562.628878834446
2019-02-12,25619.66174032782
2019-02-13,25664.75429658475
2019-02-14,25684.642646756056
2019-02-15,25724.218327121074
2019-02-16,25731.851453124476
2019-02-17,25734.852570729352
2019-02-18,25730.49736781535
2019-02-19,25739.300285337442
2019-02-20,25733.428528829936
2019-02-21,25700.521292696973
2019-02-22,25686.42148738992
2019-02-23,25640.478450828134
2019-02-24,25590.98888889652
2019-02-25,25536.20069690143
2019-02-26,25497.5661941641
2019-02-27,25448.1367484471
2019-02-28,25376.364042218906
2019-03-01,25328.815671204724
2019-03-02,25255.46390312791
2019-03-03,25185.1151277949
2019-03-04,25116.404869915365
2019-03-05,25071.04504509113
2019-03-06,25022.215510228863
2019-03-07,24958.365160816993
2019-03-08,24925.930193427375
2019-03-09,24874.62822027392
2019-03-10,24832.895562261576
2019-03-11,24798.892330529383
2019-03-12,24793.761667257517
2019-03-13,24790.03484857336
2019-03-14,24775.44712522946
2019-03-15,24795.671525229176
2019-03-16,24799.628904821795
2019-03-17,24814.94117871703
2019-03-18,24838.951959462363
2019-03-19,24892.000622155654
2019-03-20,24945.841177180453
2019-03-21,24987.470548677644
2019-03-22,25061.873253503993
2019-03-23,25117.340590915792
2019-03-24,25180.93115396904
2019-03-25,25249.49683032353
2019-03-26,25342.96030353587
2019-03-27,25432.735487452323
2019-03-28,25505.555592613655
2019-03-29,25606.215966683132
2019-03-30,25682.890005999383
2019-03-31,25762.585168200512
2019-04-01,25842.163496359928
2019-04-02,25941.61292346009
2019-04-03,26032.4610534983
2019-04-04,26101.596378799695
2019-04-05,26194.004324525835
2019-04-06,26258.076646780963
2019-04-07,26321.061416687902
2019-04-08,26380.078170357297
2019-04-09,26455.38462526235
2019-04-10,26518.786749783598
2019-04-11,26557.457192770802
2019-04-12,26616.669467801144
2019-04-13,26645.1063797214
2019-04-14,26670.309847145287
2019-04-15,26689.696586182024
2019-04-16,26723.82591053168
2019-04-17,26744.811218044204
2019-04-18,26740.140217320004
2019-04-19,26755.41062404685
2019-04-20,26739.64008395908
2019-04-21,26720.717049764724
2019-04-22,26696.416946022615
2019-04-23,26687.669720641876
2019-04-24,26666.9702717296
2019-04-25,26622.19647520748
2019-04-26,26599.341955292126
2019-04-27,26547.821872969074
2019-04-28,26495.91872367299
2019-04-29,26441.792505196725
2019-04-30,26406.741471084188
2019-05-01,26363.605114838545
2019-05-02,26300.574302845187
2019-05-03,26263.915920976047
2019-05-04,26203.270556634725
2019-05-05,26147.090470262465
2019-05-06,26093.64248798532
2019-05-07,26064.262300387803
2019-05-08,26031.75207255439
2019-05-09,25984.186524280856
2019-05-10,25967.63505908255
2019-05-11,25931.45864220316
2019-05-12,25903.74881789441
2019-05-13,25882.333585862445
2019-05-14,25888.03665755094
2019-05-15,25893.081977566355
2019-05-16,25884.908592401236
2019-05-17,25908.903311767528
2019-05-18,25913.70967486715
2019-05-19,25926.680373170064
2019-05-20,25944.89756537164
2019-05-21,25988.44728224302
2019-05-22,26028.839453068696
2019-05-23,26052.83826071739
2019-05-24,26105.209884015825
2019-05-25,26134.045752116966
2019-05-26,26166.22808454822
2019-05-27,26198.461795197363
2019-05-28,26250.55863131486
2019-05-29,26293.864793031982
2019-05-30,26315.09650334184
2019-05-31,26359.09040667793
2019-06-01,26374.126802776715
2019-06-02,26387.392438388233
2019-06-03,26396.006953379
2019-06-04,26420.29894067457
2019-06-05,26432.223022696722
2019-06-06,26419.182637015245
2019-06-07,26426.765692693167
2019-06-08,26404.05144117757
2019-06-09,26379.055666980043
2019-06-10,26349.73871324808
2019-06-11,26337.262745394226
2019-06-12,26314.390112822268
2019-06-13,26269.28796055572
2019-06-14,26240.64090160546
2019-06-15,26185.759516773036
2019-06-16,26133.19418671102
2019-06-17,26081.337112680343
2019-06-18,26051.670227277395
2019-06-19,26017.15688739263
2019-06-20,25966.042666035417
2019-06-21,25944.572945359494
2019-06-22,25902.28609800711
2019-06-23,25867.449695703945
2019-06-24,25838.06447522355
2019-06-25,25835.122555291113
2019-06-26,25831.011727634264
2019-06-27,25813.3308107083
2019-06-28,25827.623390694334
2019-06-29,25822.688319611825
2019-06-30,25826.03396380347
2019-07-01,25834.900470736844
2019-07-02,25869.536081341786
2019-07-03,25901.61885298064
2019-07-04,25918.088343856703
2019-07-05,25963.89417770285
2019-07-06,25987.319495452954
2019-07-07,26015.445976094874
2019-07-08,26045.18444367543
2019-07-09,26096.556903113393
2019-07-10,26141.121256257295
2019-07-11,26165.80320875554
2019-07-12,26215.64232028172
2019-07-13,26239.110310928732
2019-07-14,26263.56848100153
2019-07-15,26286.28849976918
2019-07-16,26327.72270091081
2019-07-17,26359.91547908858
2019-07-18,26370.320679309483
2019-07-19,26404.53234001395
2019-07-20,26411.587326933837
2019-07-21,26419.40714323073
2019-07-22,26425.80359198723
2019-07-23,26451.73483005849
2019-07-24,26469.70377891257
2019-07-25,26467.56411534626
2019-07-26,26491.24148558972
2019-07-27,26490.028706547953
2019-07-28,26492.022404924865
2019-07-29,26495.12587027677
2019-07-30,26520.3046937815
2019-07-31,26539.98712392424
2019-08-01,26541.874262240803
2019-08-02,26571.667581272453
2019-08-03,26578.372310924642
2019-08-04,26589.743877165012
2019-08-05,26603.301861302356
2019-08-06,26639.597712170762
2019-08-07,26670.627781411287
2019-08-08,26683.656433061413
2019-08-09,26723.956337532647
2019-08-10,26740.124134626487
2019-08-11,26759.538308726576
2019-08-12,26779.383281732902
2019-08-13,26819.926444859717
2019-08-14,26852.937952448767
2019-08-15,26865.519376262924
2019-08-16,26902.847451835652
2019-08-17,26913.491194410562
2019-08-18,26924.869227817922
2019-08-19,26934.271542709168
2019-08-20,26962.13175925017
2019-08-21,26980.44140487026
2019-08-22,26976.57099640568
2019-08-23,26996.005169834036
2019-08-24,26987.650264845674
2019-08-25,26979.281511411144
2019-08-26,26968.554351132963
2019-08-27,26976.266287765997
2019-08-28,26974.76109007175
2019-08-29,26951.740432916245
2019-08-30,26952.990491683788
2019-08-31,26927.68213659753
2019-09-01,26903.812074156755
2019-09-02,26879.209623748593
2019-09-03,26874.795630243065
2019-09-04,26862.98539077454
2019-09-05,26831.500684331524
2019-09-06,26826.098370276562
2019-09-07,26795.87410399257
2019-09-08,26768.708372747922
2019-09-09,26742.27935507181
2019-09-10,26737.328885276664
2019-09-11,26726.073155031267
2019-09-12,26696.02297515401
2019-09-13,26692.72078768485
2019-09-14,26665.05269848582
2019-09-15,26640.702462379886
2019-09-16,26617.171668301842
2019-09-17,26615.05217343787
2019-09-18,26606.44221581189
2019-09-19,26578.77086235348
2019-09-20,26577.537857539734
2019-09-21,26551.62706265836
2019-09-22,26528.760384365396
2019-09-23,26506.516454211596
2019-09-24,26505.600168993966
2019-09-25,26498.254626652844
2019-09-26,26472.080260707517
2019-09-27,26472.768420048214
2019-09-28,26449.407795593343
2019-09-29,26429.93082674904
2019-09-30,26412.124598818235
2019-10-01,26416.892597842812
2019-10-02,26416.659113159923
2019-10-03,26399.181337008868
2019-10-04,26410.27663731365
2019-10-05,26399.123610165385
2019-10-06,26393.70421923829
2019-10-07,26391.81167139026
2019-10-08,26414.310492587356
2019-10-09,26425.50437620464
2019-10-10,26421.05822443094
2019-10-11,26446.619098467818
2019-10-12,26451.157328558744
2019-10-13,26462.413607712722
2019-10-14,26477.91283242038
2019-10-15,26518.23096400774
2019-10-16,26555.406538724972
2019-10-17,26576.761649777167
2019-10-18,26627.639594790275
2019-10-19,26656.71746534079
2019-10-20,26691.460619345657
2019-10-21,26729.143294496203
2019-10-22,26790.12142383622
2019-10-23,26846.24909601637
2019-10-24,26884.703330888435
2019-10-25,26950.724249336265
2019-10-26,26992.92884111315
2019-10-27,27038.765242753467
2019-10-28,27085.531800166453
2019-10-29,27153.64703814341
2019-10-30,27215.062083270946
2019-10-31,27257.080354426616
2019-11-01,27325.091778283127
2019-11-02,27367.879941405805
2019-11-03,27413.069321458766
2019-11-04,27458.137117743838
2019-11-05,27523.676056117765
2019-11-06,27581.79996652173
2019-11-07,27619.957189681852
2019-11-08,27683.659295372785
2019-11-09,27721.78372382404
2019-11-10,27762.017660993395
2019-11-11,27801.867798483447
2019-11-12,27861.9224413488
2019-11-13,27914.257804479123
2019-11-14,27946.253548856515
2019-11-15,28003.32498665292
2019-11-16,28034.230466240675
2019-11-17,28066.521102842293
2019-11-18,28097.55732017556
2019-11-19,28147.77844588027
2019-11-20,28189.116952500037
2019-11-21,28208.822125533356
2019-11-22,28252.20030521466
2019-11-23,28267.929927141853
2019-11-24,28283.518246999993
2019-11-25,28296.323948826477
2019-11-26,28326.831637053958
2019-11-27,28347.069593108892
2019-11-28,28344.43540599578
2019-11-29,28364.436496618022
2019-11-30,28356.00368420384
2019-12-01,28346.944656996504
2019-12-02,28334.961579161612
2019-12-03,28340.91892248901
2019-12-04,28337.253046393784
2019-12-05,28311.788329611096
2019-12-06,28310.214851482866
2019-12-07,28282.147363416716
2019-12-08,28255.810102935116
2019-12-09,28229.29464260421
2019-12-10,28223.81590250355
2019-12-11,28212.11046782918
2019-12-12,28182.24236446527
2019-12-13,28180.323885317415
2019-12-14,28155.810201991426
2019-12-15,28136.93520620682
2019-12-16,28121.713373738945
2019-12-17,28131.194261828256
2019-12-18,28137.8616311494
2019-12-19,28129.442393554848
2019-12-20,28151.632960608553
2019-12-21,28153.401642705307
2019-12-22,28162.434392409952
2019-12-23,28176.148471080043
2019-12-24,28214.960377820073
2019-12-25,28250.699708393026
2019-12-26,28270.433778397593
2019-12-27,28319.2101849095
2019-12-28,28345.375532256
2019-12-29,28376.037179591658
2019-12-30,28408.092153454552
2019-12-31,28461.509140693528
2020-01-01,28507.754829893434
2020-01-02,28533.629071724685
2020-01-03,28584.01571473901
2020-01-04,28607.207080276108
2020-01-05,28630.368735846914
2020-01-06,28650.568581927902
2020-01-07,28688.056113886196
2020-01-08,28714.68315055132
2020-01-09,28717.730600709074
2020-01-10,28742.648300628778
2020-01-11,28738.366134778556
2020-01-12,28732.743413648837
2020-01-13,28723.58089653893
2020-01-14,28731.88174291809
2020-01-15,28730.253143953138
2020-01-16,28706.71369179081
2020-01-17,28707.414019498723
2020-01-18,28681.929423875972
2020-01-19,28658.69193201725
2020-01-20,28635.9866602888
2020-01-21,28635.199171486576
2020-01-22,28629.205953784196
2020-01-23,28606.17339068594
2020-01-24,28612.272997468062
2020-01-25,28596.971802982
2020-01-26,28588.465423597336
2020-01-27,28584.678680342964
2020-01-28,28606.520383437746
2020-01-29,28626.284243997172
2020-01-30,28631.461040028225
2020-01-31,28667.469497855134
2020-02-01,28682.96438925525
2020-02-02,28705.28895795454
2020-02-03,28630.414698760145
2020-02-04,28579.461362463982
2020-02-05,28523.875108028285
2020-02-06,28450.342912503387
2020-02-07,28403.54342331785
2020-02-08,28331.4736074929
2020-02-09,28260.917850262544
2020-02-10,28188.483464251658
2020-02-11,28133.88837078413
2020-02-12,28068.39209997282
2020-02-13,27978.634493873225
2020-02-14,27909.38892026957
2020-02-15,27808.887949594508
2020-02-16,27704.288180363852
2020-02-17,27592.698289457603
2020-02-18,27494.456262785367
2020-02-19,27381.547220142987
2020-02-20,27241.42655143882
2020-02-21,27119.75556133956
2020-02-22,26965.708010351576
2020-02-23,26807.414707585627
2020-02-24,26642.970723281873
2020-02-25,26493.691677343097
2020-02-26,26332.511014353055
2020-02-27,26147.78346213119
2020-02-28,25986.00232182035
2020-02-29,25797.089388343826
2020-03-01,25609.825017176026
2020-03-02,25422.843207608996
2020-03-03,25257.87839546695
2020-03-04,25088.156032119445
2020-03-05,24902.192239950626
2020-03-06,24746.510211174085
2020-03-07,24570.932094614822
2020-03-08,24404.013762144947
2020-03-09,24244.047135550747
2020-03-10,24112.316518832275
2020-03-11,23981.500714332335
2020-03-12,23839.485873179423
2020-03-13,23732.09637624082
2020-03-14,23608.402099335613
2020-03-15,23496.169054488175
2020-03-16,23392.87769019393
2020-03-17,23318.99491078382
2020-03-18,23246.39123144543
2020-03-19,23162.167689839087
2020-03-20,23111.399521353364
2020-03-21,23042.454709676702
2020-03-22,22982.45421462354
2020-03-23,22928.298026054494
2020-03-24,22899.943027293943
2020-03-25,22868.824065358152
2020-03-26,22821.682885397633
2020-03-27,22803.3120252088
2020-03-28,22761.87191779851
2020-03-29,22724.348181569494
2020-03-30,22687.573458649418
2020-03-31,22671.500022382163
2020-04-01,22795.080067335195
2020-04-02,22897.692296252335
2020-04-03,23024.274774097197
2020-04-04,23123.16993780565
2020-04-05,23221.57528226637
2020-04-06,23316.559031607336
2020-04-07,23428.327195033475
2020-04-08,23528.633800878026
2020-04-09,23604.599330334473
2020-04-10,23701.444767141522
2020-04-11,23767.799778426077
2020-04-12,23831.15221282643
2020-04-13,23888.863417127544
2020-04-14,23961.435664551605
2020-04-15,24020.92335012383
2020-04-16,24054.75281019824
2020-04-17,24108.457998800834
2020-04-18,24130.990340689463
2020-04-19,24150.169748225635
2020-04-20,24163.70110862046
2020-04-21,24192.442352327183
2020-04-22,24208.81559547445
2020-04-23,24200.62607760358
2020-04-24,24213.796024228966
2020-04-25,24197.671688527582
2020-04-26,24180.470534803644
2020-04-27,24160.292889163728
2020-04-28,24158.384231077987
2020-04-29,24147.539724810224
2020-04-30,24115.915858923367
2020-05-01,24109.756507347447
2020-05-02,24078.691882171122
2020-05-03,24051.177582172768
2020-05-04,24025.498322042742
2020-05-05,24023.022785477446
2020-05-06,24016.6014719322
2020-05-07,23994.372668368098
2020-05-08,24002.484106004642
2020-05-09,23990.38899350551
2020-05-10,23986.283818552292
2020-05-11,23988.11265015312
2020-05-12,24016.824485569065
2020-05-13,24044.775560803995
2020-05-14,24059.541750229462
2020-05-15,24106.64855287897
2020-05-16,24134.87723753732
2020-05-17,24171.714364064086
2020-05-18,24214.369186864424
2020-05-19,24283.045210966196
2020-05-20,24349.357505665444
2020-05-21,24400.160554544887
2020-05-22,24480.293768754716
2020-05-23,24537.90285095549
2020-05-24,24599.90383896644
2020-05-25,24663.013953701204
2020-05-26,24747.035158328563
2020-05-27,24823.281698357696
2020-05-28,24878.416104286756
2020-05-29,24957.200474528734
2020-05-30,25007.82132600175
2020-05-31,25057.35411673874
2020-06-01,25102.792087523223
2020-06-02,25164.32503500078
2020-06-03,25213.759415912085
2020-06-04,25238.344404271815
2020-06-05,25283.510985034925
2020-06-06,25298.182345118097
2020-06-07,25310.222581142763
2020-06-08,25317.44815248351
2020-06-09,25340.888397915918
2020-06-10,25353.186894932678
2020-06-11,25342.408738632777
2020-06-12,25354.76128351534
2020-06-13,25339.887061448644
2020-06-14,25326.296328187593
2020-06-15,25312.364069082065
2020-06-16,25319.57814259371
2020-06-17,25320.930649536924
2020-06-18,25304.717853962626
2020-06-19,25317.256381366733
2020-06-20,25308.17451817173
2020-06-21,25305.846100737184
2020-06-22,25308.39178453776
2020-06-23,25336.934257170175
2020-06-24,25363.999296193728
2020-06-25,25377.3277437448
2020-06-26,25422.60580933198
2020-06-27,25448.77215852964
2020-06-28,25483.468867429925
2020-06-29,25524.06059382254
2020-06-30,25590.908069572633
2020-07-01,25655.787348726048
2020-07-02,25705.719421958314
2020-07-03,25785.717164840626
2020-07-04,25844.1076628529
2020-07-05,25907.996618272125
2020-07-06,25974.29886501642
2020-07-07,26063.02082925474
2020-07-08,26145.686168654363
2020-07-09,26209.169069179025
2020-07-10,26298.442108190455
2020-07-11,26361.89674206611
2020-07-12,26426.803211718845
2020-07-13,26490.334050332818
2020-07-14,26572.837254425973
2020-07-15,26646.250632815296
2020-07-16,26697.92214429184
2020-07-17,26773.343505309407
2020-07-18,26821.45552851651
2020-07-19,26870.092406895812
2020-07-20,26916.989556198354
2020-07-21,26983.04150033494
2020-07-22,27040.70172142781
2020-07-23,27077.789665016946
2020-07-24,27140.212523801878
2020-07-25,27177.26055623158
2020-07-26,27183.133820504645
2020-07-27,27189.67299499389
2020-07-28,27217.885131719286
2020-07-29,27240.25206880711
2020-07-30,27244.538797407164
2020-07-31,27276.51889821874
2020-08-01,27285.275657533155
2020-08-02,27298.6461147134
2020-08-03,27314.232579612173
2020-08-04,27352.667922737226
2020-08-05,27386.026277051682
2020-08-06,27401.64396756817
2020-08-07,27444.8578382187
2020-08-08,27464.31921286086
2020-08-09,27487.4503771854
2020-08-10,27511.467773118664
2020-08-11,27556.657889575024
2020-08-12,27594.79720621419
2020-08-13,27612.98076844182
2020-08-14,27656.366375740596
2020-08-15,27673.492487973115
2020-08-16,27691.736662373845
2020-08-17,27708.338698194817
2020-08-18,27743.674517138734
2020-08-19,27769.672237206836
2020-08-20,27773.635171987422
2020-08-21,27800.978938715838
2020-08-22,27800.541021744473
2020-08-23,27800.029879074886
2020-08-24,27797.038068094727
2020-08-25,27812.305732788962
2020-08-26,27818.126229507576
2020-08-27,27802.158938458564
2020-08-28,27810.15674566487
2020-08-29,27791.26682084952
2020-08-30,27773.47202705455
2020-08-31,27754.597648581934
2020-09-01,27755.569946425225
2020-09-02,27748.818437214548
2020-09-03,27722.087010872157
2020-09-04,27721.161387519307
2020-09-05,27695.17150290827
2020-09-06,27672.036071864284
2020-09-07,27649.473883211536
2020-09-08,27648.268160204047
2020-09-09,27640.67567127092
2020-09-10,27614.245466027583
2020-09-11,27614.554475648114
2020-09-12,27590.518292646324
2020-09-13,27569.844101251274
2020-09-14,27550.0500382454
2020-09-15,27551.737057890285
2020-09-16,27547.004746598937
2020-09-17,27523.275751700603
2020-09-18,27526.035887665166
2020-09-19,27504.148099196984
2020-09-20,27485.307160727927
2020-09-21,27467.059347007562
2020-09-22,27470.073150753647
2020-09-23,27466.133789422587
2020-09-24,27443.22002474198
2020-09-25,27446.982964902796
2020-09-26,27426.472731799822
2020-09-27,27409.58631266017
2020-09-28,27394.07981297935
2020-09-29,27400.831433141077
2020-09-30,27402.246919350753
2020-10-01,27386.072504292224
2020-10-02,27398.12278647313
2020-10-03,27387.58213524691
2020-10-04,27382.446917416994
2020-10-05,27380.533191902967
2020-10-06,27402.736342444634
2020-10-07,27421.434507080256
2020-10-08,27424.30088507918
2020-10-09,27457.032390807813
2020-10-10,27468.653216740386
2020-10-11,27486.960532382596
2020-10-12,27509.536854419217
2020-10-13,27557.01540853591
2020-10-14,27601.490158635985
2020-10-15,27630.335373588263
2020-10-16,27688.94196970764
2020-10-17,27726.02894665078
2020-10-18,27769.096893597365
2020-10-19,27815.44785382163
2020-10-20,27885.45763155457
2020-10-21,27950.991998608
2020-10-22,27999.231477989513
2020-10-23,28075.411781393697
2020-10-24,28128.138093777594
2020-10-25,28184.840098308734
2020-10-26,28242.79198988199
2020-10-27,28322.383566226657
2020-10-28,28395.533904149575
2020-10-29,28449.51239164637
2020-10-30,28529.67432677813
2020-10-31,28584.76944677786
2020-11-01,28642.39048177211
2020-11-02,28699.986206764876
2020-11-03,28778.125323468277
2020-11-04,28848.90293130254
2020-11-05,28899.754611095286
2020-11-06,28976.185577858905
2020-11-07,29027.073496170844
2020-11-08,29080.112259446905
2020-11-09,29132.821383503342
2020-11-10,29205.80748644428
2020-11-11,29271.169713363925
2020-11-12,29316.31418351591
2020-11-13,29386.6849231072
2020-11-14,29431.06983580975
2020-11-15,29477.048923357648
2020-11-16,29522.009272430376
2020-11-17,29586.413104083993
2020-11-18,29642.210531946366
2020-11-19,29676.66186435584
2020-11-20,29735.07665098044
2020-11-21,29766.127732495075
2020-11-22,29797.307246844965
2020-11-23,29825.948798533474
2020-11-24,29872.501830335194
2020-11-25,29908.949591753924
2020-11-26,29922.635319797533
2020-11-27,29959.00364745364
2020-11-28,29966.91537324796
2020-11-29,29974.102428680682
2020-11-30,29978.18724028664
2020-12-01,29999.952530708273
2020-12-02,30011.753030261672
2020-12-03,30001.33384392567
2020-12-04,30014.562670679243
2020-12-05,30000.734237929428
2020-12-06,29988.014059109217
2020-12-07,29974.446017135466
2020-12-08,29981.210150262268
2020-12-09,29981.022460781976
2020-12-10,29961.94184721996
2020-12-11,29970.091708963133
2020-12-12,29954.95492384134
2020-12-13,29944.809619969135
2020-12-14,29937.730523452534
2020-12-15,29954.84249415637
2020-12-16,29968.718254567004
2020-12-17,29967.18553942083
2020-12-18,29996.051279607967
2020-12-19,30004.40151978107
2020-12-20,30020.04442292103
2020-12-21,30040.521008991534
2020-12-22,30086.370041518312
2020-12-23,30129.538809216865
2020-12-24,30157.204719068905
2020-12-25,30214.51495746254
2020-12-26,30249.902525531113
2020-12-27,30290.545582598155
2020-12-28,30333.39431074867
2020-12-29,30398.45127731886
2020-12-30,30457.19661458442
2020-12-31,30496.422526410206
2021-01-01,30560.984004656097
2021-01-02,30599.123731310647
2021-01-03,30637.937823527176
2021-01-04,30674.406419684212
2021-01-05,30728.674937008294
2021-01-06,30772.477247411833
2021-01-07,30792.965285308826
2021-01-08,30835.452051770844
2021-01-09,30848.726148922993
2021-01-10,30860.504732741803
2021-01-11,30868.44918106852
2021-01-12,30893.429666522945
2021-01-13,30907.930291578974
2021-01-14,30899.859751176795
2021-01-15,30915.274968154747
2021-01-16,30903.67633305676
2021-01-17,30912.292058813695
2021-01-18,30920.525833091742
2021-01-19,30949.75563754393
2021-01-20,30972.874613159773
2021-01-21,30978.089928155827
2021-01-22,31011.637300195798
2021-01-23,31023.070065050957
2021-01-24,31040.690367279338
2021-01-25,31062.547367647392
2021-01-26,31109.689148927504
2021-01-27,31154.560349615233
2021-01-28,31184.810732959413
2021-01-29,31246.022241173316
2021-01-30,31287.01312998047
2021-01-31,31335.286395695777
2021-02-01,31388.046969075283
2021-02-02,31465.473890800597
2021-02-03,31539.138997178157
2021-02-04,31595.836801277306
2021-02-05,31680.33258956264
2021-02-06,31740.68680546728
2021-02-07,31803.722428095785
2021-02-08,31866.059349001487
2021-02-09,31947.40153550418
2021-02-10,32018.96813853258
2021-02-11,32067.332924862923
2021-02-12,32137.178821357193
2021-02-13,32176.625488813053
2021-02-14,32212.69656199718
2021-02-15,32242.350570831968
2021-02-16,32285.76142605811
2021-02-17,32314.739802069555
2021-02-18,32316.56004628095
2021-02-19,32336.69971988849
2021-02-20,32324.150063909437
2021-02-21,32306.864452134854
2021-02-22,32282.769308389717
2021-02-23,32273.023858895405
2021-02-24,32250.420552126125
2021-02-25,32203.191274407323
2021-02-26,32177.72695135622
2021-02-27,32123.869288322498
2021-02-28,32070.342133302547
2021-03-01,32015.74731380737
2021-03-02,31981.811635938488
2021-03-03,31941.777131653056
2021-03-04,31884.1998667834
2021-03-05,31855.66501149416
2021-03-06,31806.07696376184
2021-03-07,31764.09197319801
2021-03-08,31728.118009558966
2021-03-09,31719.568390523793
2021-03-10,31711.261020706857
2021-03-11,31691.228267811137
2021-03-12,31705.44484731889
2021-03-13,31703.132142361977
2021-03-14,31712.206019233614
2021-03-15,31730.292484183163
2021-03-16,31777.99729671641
2021-03-17,31827.321001784803
2021-03-18,31865.48404056523
2021-03-19,31937.668968176597
2021-03-20,31992.337909668404
2021-03-21,32056.692058035864
2021-03-22,32127.69735708006
2021-03-23,32225.362336037357
2021-03-24,32321.15946771554
2021-03-25,32401.85467401778
2021-03-26,32512.252034614263
2021-03-27,32600.5119015985
2021-03-28,32693.60935115463
2021-03-29,32788.35728253723
2021-03-30,32904.6803351895
2021-03-31,33014.03122766499
2021-04-01,33103.21439360563
2021-04-02,33217.12423238258
2021-04-03,33304.05644051215
2021-04-04,33391.15961074734
2021-04-05,33475.45164923445
2021-04-06,33577.08739826107
2021-04-07,33667.76925489963
2021-04-08,33734.56581190514
2021-04-09,33822.6459498884
2021-04-10,33880.5869158988
2021-04-11,33935.82360075448
2021-04-12,33985.66354771405
2021-04-13,34050.55402084526
2021-04-14,34102.4928261456
2021-04-15,34128.847781040546
2021-04-16,34175.092102818664
2021-04-17,34190.11407164287
2021-04-18,34201.66798735992
2021-04-19,34207.39075384612
2021-04-20,34228.07022273132
2021-04-21,34236.056803384476
2021-04-22,34219.083066623854
2021-04-23,34222.998469615784
2021-04-24,34197.07744578959
2021-04-25,34169.46780362158
2021-04-26,34138.203733029135
2021-04-27,34124.46955913518
2021-04-28,34101.00580219981
2021-04-29,34055.922366637045
2021-04-30,34035.42612360852
2021-05-01,33989.12130617135
2021-05-02,33945.449869264565
2021-05-03,33902.69634892331
2021-05-04,33882.24361619902
2021-05-05,33856.971352388726
2021-05-06,33815.06233980386
2021-05-07,33802.724098465915
2021-05-08,33769.48453920354
2021-05-09,33743.6290138036
2021-05-10,33723.203493590336
2021-05-11,33729.27043006306
2021-05-12,33734.309237078334
2021-05-13,33726.02655123256
2021-05-14,33743.722839136186
2021-05-15,33742.67882328726
2021-05-16,33750.51930311187
2021-05-17,33764.588640493654
2021-05-18,33805.21940011784
2021-05-19,33844.14679178156
2021-05-20,33868.33376680381
2021-05-21,33922.71396775156
2021-05-22,33955.5107881715
2021-05-23,33993.69943564048
2021-05-24,34034.0361800713
2021-05-25,34096.340742944485
2021-05-26,34151.92313575634
2021-05-27,34187.41945653803
2021-05-28,34247.54353609279
2021-05-29,34280.41242798459
2021-05-30,34313.0124259255
2021-05-31,34342.22964058389
2021-06-01,34388.13100648296
2021-06-02,34422.38701066737
2021-06-03,34432.1007053511
2021-06-04,34462.55001924318
2021-06-05,34462.50155206018
2021-06-06,34459.662789672475
2021-06-07,34451.69708310768
2021-06-08,34459.48762313251
2021-06-09,34455.54210398282
2021-06-10,34427.80307099453
2021-06-11,34422.371418854156
2021-06-12,34388.80168472575
2021-06-13,34355.536529086196
2021-06-14,34320.905186452765
2021-06-15,34306.3725285684
2021-06-16,34284.93080532668
2021-06-17,34244.899380755065
2021-06-18,34232.64019544034
2021-06-19,34197.847799222596
2021-06-20,34168.981475948065
2021-06-21,34144.26429723155
2021-06-22,34144.93572675006
2021-06-23,34143.64974393795
2021-06-24,34128.28363508088
2021-06-25,34144.66494543143
2021-06-26,34141.875136235205
2021-06-27,34147.69711435978
2021-06-28,34159.63107263254
2021-06-29,34198.16482949052
2021-06-30,34235.190181362515
2021-07-01,34257.82994996794
2021-07-02,34311.18275437686
2021-07-03,34343.643602318356
2021-07-04,34382.36704528781
2021-07-05,34424.29694985416
2021-07-06,34489.44873556764
2021-07-07,34549.33531097734
2021-07-08,34590.80117149082
2021-07-09,34658.7715393696
2021-07-10,34701.57456320939
2021-07-11,34725.56922567129
2021-07-12,34748.67354497497
2021-07-13,34791.13813590862
2021-07-14,34824.79749522707
2021-07-15,34836.89328010597
2021-07-16,34872.81087271266
2021-07-17,34881.3876115834
2021-07-18,34890.35982729748
2021-07-19,34897.37322284106
2021-07-20,34923.24301792973
2021-07-21,34940.35572224756
2021-07-22,34936.47768145028
2021-07-23,34957.477983951765
2021-07-24,34952.62446156263
2021-07-25,34950.02022936809
2021-07-26,34947.60556068459
2021-07-27,34966.411712923975
2021-07-28,34978.95870228741
2021-07-29,34973.06223763208
2021-07-30,34994.557400592545
2021-07-31,34992.597737581964
2021-08-01,34995.09707793636
2021-08-02,34999.73868380785
2021-08-03,35027.2381044952
2021-08-04,35049.75144472026
2021-08-05,35054.693932339826
2021-08-06,35087.4760210327
2021-08-07,35096.81532577583
2021-08-08,35110.191332019764
2021-08-09,35124.86711605073
2021-08-10,35161.164096817614
2021-08-11,35190.88120193016
2021-08-12,35201.123041136634
2021-08-13,35237.04407319062
2021-08-14,35247.166863388025
2021-08-15,35258.841226331046
2021-08-16,35269.26840262427
2021-08-17,35298.77626028054
2021-08-18,35319.236933234504
2021-08-19,35317.89157737367
2021-08-20,35340.08937102573
2021-08-21,35334.59904714327
2021-08-22,35329.0599842438
2021-08-23,35320.997272296714
2021-08-24,35331.08703830452
2021-08-25,35331.56375526437
2021-08-26,35310.034533958176
2021-08-27,35312.20784162249
2021-08-28,35287.195240440604
2021-08-29,35262.95345817548
2021-08-30,35237.29146366537
2021-08-31,35231.12905239289
2021-09-01,35216.89884407936
2021-09-02,35182.356823009104
2021-09-03,35173.30894608736
2021-09-04,35138.91244046596
2021-09-05,35107.11907975602
2021-09-06,35075.68503749747
2021-09-07,35065.43370129655
2021-09-08,35048.66318452799
2021-09-09,35012.963462952226
2021-09-10,35003.95042863728
2021-09-11,34970.57522502251
2021-09-12,34940.575880839395
2021-09-13,34911.49556335265
2021-09-14,34903.953558733665
2021-09-15,34890.06045188558
2021-09-16,34857.24218843106
2021-09-17,34850.98009179007
2021-09-18,34820.12501528927
2021-09-19,34792.352500394736
2021-09-20,34765.18315869889
2021-09-21,34759.25432852763
2021-09-22,34746.73446893378
2021-09-23,34715.145011523346
2021-09-24,34710.09682649229
2021-09-25,34680.59960896465
2021-09-26,34654.51122125831
2021-09-27,34629.55140611354
2021-09-28,34626.56614553108
2021-09-29,34617.934370833886
2021-09-30,34591.38199847593
2021-10-01,34592.710705095575
2021-10-02,34571.099999863174
2021-10-03,34554.549868522154
2021-10-04,34540.88862217685
2021-10-05,34551.03241588254
2021-10-06,34557.388299459846
2021-10-07,34547.66589339519
2021-10-08,34567.605179546124
2021-10-09,34566.27899650781
2021-10-10,34571.537500552295
2021-10-11,34581.01916698739
2021-10-12,34615.41469603142
2021-10-13,34646.8755452793
2021-10-14,34662.83200646082
2021-10-15,34708.728111937606
2021-10-16,34733.33173402334
2021-10-17,34764.18689609605
2021-10-18,34798.63262104024
2021-10-19,34857.07443248034
2021-10-20,34911.399990934966
2021-10-21,34948.80355907935
2021-10-22,35014.52638169916
2021-10-23,35057.17117367437
2021-10-24,35104.15760084435
2021-10-25,35152.7429851759
2021-10-26,35223.294298687615
2021-10-27,35287.702922069984
2021-10-28,35333.20690111349
2021-10-29,35405.12786939722
2021-10-30,35452.18095480399
2021-10-31,35501.92471638012
2021-11-01,35551.77553691275
2021-11-02,35622.27275569463
2021-11-03,35685.48625642116
2021-11-04,35728.83149356595
2021-11-05,35772.77925054344
2021-11-06,35791.21933763163
2021-11-07,35811.84422619374
2021-11-08,35832.17854259092
2021-11-09,35872.84024883849
2021-11-10,35905.94550345621
2021-11-11,35918.92229575006
2021-11-12,35957.240340956014
2021-11-13,35969.71582065341
2021-11-14,35983.95822023654
2021-11-15,35997.383825005476
2021-11-16,36030.48222107364
2021-11-17,36055.227500281486
2021-11-18,36058.89905865402
2021-11-19,36086.81924026007
2021-11-20,36087.66615053094
2021-11-21,36088.92861369868
2021-11-22,36087.9275506547
2021-11-23,36105.089839062945
2021-11-24,36112.3660805997
2021-11-25,36097.05690955854
2021-11-26,36104.55486693064
2021-11-27,36083.65997161666
2021-11-28,36062.03581323203
2021-11-29,36037.23034043758
2021-11-30,36029.94735637255
2021-12-01,36012.46015063127
2021-12-02,35972.43196252412
2021-12-03,35955.65041555074
2021-12-04,35911.33422358878
2021-12-05,35867.579211156415
2021-12-06,35822.36808311758
2021-12-07,35796.83025343396
2021-12-08,35763.64348885088
2021-12-09,35710.84240794117
2021-12-10,35684.54133044108
2021-12-11,35634.23013130644
2021-12-12,35588.2104841668
2021-12-13,35544.597249854254
2021-12-14,35524.57160797623
2021-12-15,35500.77793467663
2021-12-16,35461.1296650269
2021-12-17,35451.53177691673
2021-12-18,35421.17863142486
2021-12-19,35397.99456987144
2021-12-20,35379.64197193656
2021-12-21,35386.78325478775
2021-12-22,35391.488633630834
2021-12-23,35381.054638596135
2021-12-24,35400.74072622981
2021-12-25,35399.0823742724
2021-12-26,35403.347674801546
2021-12-27,35410.56171626241
2021-12-28,35440.784802816095
2021-12-29,35465.535893980436
2021-12-30,35471.625828192926
2021-12-31,35503.90725551611
2022-01-01,35510.59928509326
2022-01-02,35518.7532132964
2022-01-03,35525.2848676221
2022-01-04,35550.25631276433
2022-01-05,35565.301208823716
2022-01-06,35557.45675841648
2022-01-07,35571.90945967069
2022-01-08,35557.31273292239
2022-01-09,35541.24323321493
2022-01-10,35521.2200613311
2022-01-11,35517.97297310553
2022-01-12,35503.851150842216
2022-01-13,35466.637407746195
2022-01-14,35452.27517767661
2022-01-15,35410.166832775445
2022-01-16,35368.610635765166
2022-01-17,35325.801041235514
2022-01-18,35303.078940836815
2022-01-19,35273.32389169454
2022-01-20,35224.75364194258
2022-01-21,35203.63870413342
2022-01-22,35159.59086209301
2022-01-23,35120.99319608661
2022-01-24,35085.99654597916
2022-01-25,35075.76913405665
2022-01-26,35062.891431177915
2022-01-27,35035.16154047985
2022-01-28,35038.31872634178
2022-01-29,35021.3437705841
2022-01-30,35011.903461664224
2022-01-31,35007.36378897334
2022-02-01,35028.05815673029
2022-02-02,35045.702244850334
2022-02-03,35047.2202974128
2022-02-04,35077.489948308066
2022-02-05,35084.66373684975
2022-02-06,35095.63409259564
2022-02-07,35107.0658512939
2022-02-08,35138.68213580566
2022-02-09,35161.69479067512
2022-02-10,35162.64376548579
2022-02-11,35186.15223412049
2022-02-12,35180.255351424996
2022-02-13,35171.86925260423
2022-02-14,35157.82426488018
2022-02-15,35158.148156360316
2022-02-16,35144.49068513987
2022-02-17,35103.95399891237
2022-02-18,35081.83590359377
2022-02-19,35026.94420352458
2022-02-20,34967.04908100799
2022-02-21,34899.897898606876
2022-02-22,34846.47870335896
2022-02-23,34779.424178330904
2022-02-24,34686.82108964629
2022-02-25,34614.93274779654
2022-02-26,34513.49317563647
2022-02-27,34411.14041769866
2022-02-28,34306.413806460856
2022-03-01,34221.001851646804
2022-03-02,34128.1328297488
2022-03-03,34016.37339500954
2022-03-04,33932.342926778336
2022-03-05,33826.00244155924
2022-03-06,33726.085557400365
2022-03-07,33631.09630893749
2022-03-08,33562.560389428785
2022-03-09,33493.42174001054
2022-03-10,33411.8495848472
2022-03-11,33363.96335873139
2022-03-12,33299.13402922781
2022-03-13,33245.42894747622
2022-03-14,33200.62464320612
2022-03-15,33185.473743511626
2022-03-16,33172.11753538151
2022-03-17,33147.90887798331
2022-03-18,33158.15253665764
2022-03-19,33151.42109393501
2022-03-20,33155.01326142045
2022-03-21,33165.97874173364
2022-03-22,33204.39560355961
2022-03-23,33241.79152748835
2022-03-24,33264.97352312746
2022-03-25,33318.77314158938
2022-03-26,33351.36534759918
2022-03-27,33389.727938219956
2022-03-28,33430.66577063767
2022-03-29,33494.085919874364
2022-03-30,33551.41531973184
2022-03-31,33589.42571315884
2022-04-01,33652.97318348122
2022-04-02,33690.31069082007
2022-04-03,33728.540764454105
2022-04-04,33764.632872101
2022-04-05,33818.691831767756
2022-04-06,33862.36904268701
2022-04-07,33882.68155624571
2022-04-08,33924.746418783034
2022-04-09,33937.08883222857
2022-04-10,33947.091363130225
2022-04-11,33952.008757405725
2022-04-12,33972.23471936593
2022-04-13,33979.712382443904
2022-04-14,33961.75340442494
2022-04-15,33963.77299619487
2022-04-16,33934.599277852794
2022-04-17,33901.92401783035
2022-04-18,33863.31912191568
2022-04-19,33839.505032555564
2022-04-20,33802.762568010905
2022-04-21,33740.752944669686
2022-04-22,33699.25311817807
2022-04-23,33627.464687255735
2022-04-24,33553.46329567444
2022-04-25,33475.21281440262
2022-04-26,33413.83041889982
2022-04-27,33341.99408817229
2022-04-28,33247.75730978377
2022-04-29,33197.34219589099
2022-04-30,33120.24945753106
2022-05-01,33044.892185736055
2022-05-02,32969.538075035074
2022-05-03,32915.56635734609
2022-05-04,32855.86723957405
2022-05-05,32778.64889468539
2022-05-06,32730.159497881592
2022-05-07,32659.982946729455
2022-05-08,32596.475622682457
2022-05-09,32537.768911575546
2022-05-10,32505.024033116388
2022-05-11,32470.83112591487
2022-05-12,32423.01776255199
2022-05-13,32407.374461764546
2022-05-14,32372.955858626352
2022-05-15,32347.524856157725
2022-05-16,32328.56438496385
2022-05-17,32336.543173709484
2022-05-18,32343.327275978812
2022-05-19,32336.002277381445
2022-05-20,32359.613455383813
2022-05-21,32362.48222132342
2022-05-22,32371.66580815776
2022-05-23,32383.98445159107
2022-05-24,32419.302079501296
2022-05-25,32448.95186899565
2022-05-26,32459.571221205995
2022-05-27,32495.853075629373
2022-05-28,32505.871576079684
2022-05-29,32516.54877710894
2022-05-30,32524.686414941847
2022-05-31,32550.2485924394
2022-06-01,32564.78663580307
2022-06-02,32555.270639189253
2022-06-03,32566.83465486508
2022-06-04,32548.09364672986
2022-06-05,32526.599069991786
2022-06-06,32499.857339503844
2022-06-07,32488.597333768746
2022-06-08,32465.178541705416
2022-06-09,32417.40476094551
2022-06-10,32391.250731177577
2022-06-11,32336.160268603253
2022-06-12,32280.483223236737
2022-06-13,32222.47597916195
2022-06-14,32183.552088943725
2022-06-15,32136.67506822152
2022-06-16,32070.158641732844
2022-06-17,32030.382160009216
2022-06-18,31967.080032692225
2022-06-19,31908.772716628206
2022-06-20,31853.764125877708
2022-06-21,31823.39212838739
2022-06-22,31790.42415329448
2022-06-23,31742.863122389885
2022-06-24,31726.671273553708
2022-06-25,31691.07050092881
2022-06-26,31663.986464919293
2022-06-27,31643.060997758625
2022-06-28,31648.91908077774
2022-06-29,31653.581991893578
2022-06-30,31644.29138590361
2022-07-01,31666.25141101674
2022-07-02,31667.947020938213
2022-07-03,31676.605281458
2022-07-04,31689.223766503168
2022-07-05,31725.851923724236
2022-07-06,31758.0166571842
2022-07-07,31772.556593009638
2022-07-08,31814.371896537483
2022-07-09,31831.747633094597
2022-07-10,31851.817375893606
2022-07-11,31871.591134286515
2022-07-12,31911.233534469902
2022-07-13,31942.48362395299
2022-07-14,31952.480957143736
2022-07-15,31986.505084020588
2022-07-16,31993.286741945652
2022-07-17,32000.457807584757
2022-07-18,32005.564471141868
2022-07-19,32029.329978442413
2022-07-20,32044.05873854037
2022-07-21,32037.446881631982
2022-07-22,32055.306806011606
2022-07-23,32046.864408856713
2022-07-24,32040.19641989692
2022-07-25,32033.23261999722
2022-07-26,32047.009559415124
2022-07-27,32054.06778519864
2022-07-28,32042.257811714753
2022-07-29,32057.46245632312
2022-07-30,32048.894250885023
2022-07-31,32044.53529715977
2022-08-01,32042.144232547427
2022-08-02,32062.516744963745
2022-08-03,32077.891415733877
2022-08-04,32075.765846617218
2022-08-05,32101.63037634872
2022-08-06,32104.277751562866
2022-08-07,32111.25575540758
2022-08-08,32119.887087326373
2022-08-09,32150.542562370538
2022-08-10,32175.059051632048
2022-08-11,32180.56678582228
2022-08-12,32212.233025756737
2022-08-13,32218.580203671125
2022-08-14,32226.94532533542
2022-08-15,32234.504766155907
2022-08-16,32261.550426229507
2022-08-17,32279.908621554983
2022-08-18,32276.766348423134
2022-08-19,32297.411997755753
2022-08-20,32290.548751279865
2022-08-21,32283.747627774916
2022-08-22,32274.46453512176
2022-08-23,32283.307552615075
2022-08-24,32282.44610893527
2022-08-25,32259.427000646738
2022-08-26,32259.904645999373
2022-08-27,32232.944124414294
2022-08-28,32206.464279317846
2022-08-29,32178.24553123187
2022-08-30,32169.188890023008
2022-08-31,32151.71806181534
2022-09-01,32113.589784749096
2022-09-02,32100.61993174471
2022-09-03,32061.98402440682
2022-09-04,32025.65947771349
2022-09-05,31989.434212073513
2022-09-06,31974.168060070122
2022-09-07,31952.198753171662
2022-09-08,31911.157467782454
2022-09-09,31896.701274799245
2022-09-10,31857.820910138846
2022-09-11,31822.290934021188
2022-09-12,31787.686646672173
2022-09-13,31774.653910406432
2022-09-14,31755.323386330754
2022-09-15,31717.13389700233
2022-09-16,31705.572008464907
2022-09-17,31669.486023400597
2022-09-18,31636.54125928191
2022-09-19,31604.24082293863
2022-09-20,31593.197917449772
2022-09-21,31575.551120964166
2022-09-22,31538.787327337228
2022-09-23,31528.479468010497
2022-09-24,31493.597279118734
2022-09-25,31461.958103542423
2022-09-26,31431.24209472954
2022-09-27,31422.258047958952
2022-09-28,31407.35151649046
2022-09-29,31374.22014129298
2022-09-30,31368.64356579973
2022-10-01,31339.786456811475
2022-10-02,31315.641875277528
2022-10-03,31294.03960657624
2022-10-04,31295.90589985419
2022-10-05,31293.66647177365
2022-10-06,31275.057869074088
2022-10-07,31285.854689743304
2022-10-08,31275.171270940424
2022-10-09,31270.90513044634
2022-10-10,31270.746769107714
2022-10-11,31295.442236668245
2022-10-12,31317.200225813674
2022-10-13,31323.50865794163
2022-10-14,31359.868093510897
2022-10-15,31375.10037752216
2022-10-16,31396.799585103494
2022-10-17,31422.349635792874
2022-10-18,31472.194730700223
2022-10-19,31518.254127810447
2022-10-20,31547.745976084527
2022-10-21,31605.927312887015
2022-10-22,31641.40842887759
2022-10-23,31681.6084875082
2022-10-24,31723.776624234048
2022-10-25,31788.26457516626
2022-10-26,31846.94228842011
2022-10-27,31887.021221343806
2022-10-28,31953.792455849376
2022-10-29,31995.937908060274
2022-10-30,32040.98163361682
2022-10-31,32086.30560649626
2022-11-01,32152.41620749627
2022-11-02,32211.353089775013
2022-11-03,32250.505359586958
2022-11-04,32315.342452625788
2022-11-05,32354.718235506272
2022-11-06,32396.31558390623
2022-11-07,32437.656053989984
2022-11-08,32499.361102671108
2022-11-09,32553.556716760733
2022-11-10,32587.686548441885
2022-11-11,32647.24105783948
2022-11-12,32681.0612692445
2022-11-13,32716.784423163692
2022-11-14,32751.85612349824
2022-11-15,32806.79537004873
2022-11-16,32853.60422446282
2022-11-17,32879.58705152851
2022-11-18,32930.08664184556
2022-11-19,32953.795594202
2022-11-20,32978.20998494895
2022-11-21,33000.649649959814
2022-11-22,33041.5311853026
2022-11-23,33072.7851292992
2022-11-24,33081.68199019187
2022-11-25,33113.57416457496
2022-11-26,33117.21188951634
2022-11-27,33120.20005374466
2022-11-28,33120.02003215592
2022-11-29,33137.30253498766
2022-11-30,33144.24287073092
2022-12-01,33128.42327769616
2022-12-02,33135.54941589601
2022-12-03,33114.759264312794
2022-12-04,33094.07140482286
2022-12-05,33071.39706312164
2022-12-06,33067.802149153
2022-12-07,33055.91098570875
2022-12-08,33023.71670028495
2022-12-09,33017.3057136375
2022-12-10,32986.15492373865
2022-12-11,32958.56892159242
2022-12-12,32932.68195545734
2022-12-13,32929.711212745235
2022-12-14,32922.353405507834
2022-12-15,32898.58989294134
2022-12-16,32904.40798536886
2022-12-17,32889.09718492653
2022-12-18,32880.687795710255
2022-12-19,32876.95665196425
2022-12-20,32898.68649904737
2022-12-21,32918.0709116413
2022-12-22,32922.529815773225
2022-12-23,32957.443030326685
2022-12-24,32971.46029779259
2022-12-25,32991.95490187714
2022-12-26,33016.04524421682
2022-12-27,33063.87050726558
2022-12-28,33107.01185962795
2022-12-29,33132.32383333674
2022-12-30,33184.682854782404
2022-12-31,33212.31098032467
2023-01-01,33242.24154256132
2023-01-02,33271.35072622022
2023-01-03,33319.64089614392
2023-01-04,33358.66688687467
2023-01-05,33375.36970201828
2023-01-06,33414.82449514994
2023-01-07,33425.56084873281
2023-01-08,33435.02209982308
2023-01-09,33440.58785155919
2023-01-10,33462.84568790541
2023-01-11,33474.003566787615
2023-01-12,33461.707669739866
2023-01-13,33471.77296592577
2023-01-14,33453.48493950319
2023-01-15,33435.03969690314
2023-01-16,33414.54708391804
2023-01-17,33413.28333118568
2023-01-18,33404.085201228656
2023-01-19,33375.15089680724
2023-01-20,33372.755440724046
2023-01-21,33346.53938671183
2023-01-22,33324.9384357912
2023-01-23,33306.17888310934
2023-01-24,33311.525638009385
2023-01-25,33313.67493733968
2023-01-26,33300.55707694577
2023-01-27,33318.056852849804
2023-01-28,33315.31046935759
2023-01-29,33320.14630463354
2023-01-30,33330.09419794762
2023-01-31,33365.649670116734
2023-02-01,33398.68480395297
2023-02-02,33416.27066459212
2023-02-03,33463.418465765586
2023-02-04,33488.39772602379
2023-02-05,33518.19827774261
2023-02-06,33549.56026464073
2023-02-07,33602.25802379885
2023-02-08,33647.52908976019
2023-02-09,33671.91275029145
2023-02-10,33720.004960091406
2023-02-11,33739.787517406156
2023-02-12,33758.098096641785
2023-02-13,33771.66507897252
2023-02-14,33800.39296389554
2023-02-15,33815.7895694767
2023-02-16,33804.79950454447
2023-02-17,33812.55085441329
2023-02-18,33787.67319795204
2023-02-19,33757.75383345264
2023-02-20,33720.35650325511
2023-02-21,33696.28880211005
2023-02-22,33658.00992225521
2023-02-23,33593.44369499399
2023-02-24,33548.70436556267
2023-02-25,33473.39372002053
2023-02-26,33396.036935261545
2023-02-27,33315.08191585434
2023-02-28,33252.14874461415
2023-03-01,33180.42129905229
2023-03-02,33088.44634027585
2023-03-03,33022.84779744323
2023-03-04,32933.61508601645
2023-03-05,32849.532979170624
2023-03-06,32769.17787061835
2023-03-07,32714.167056194558
2023-03-08,32657.553014257133
2023-03-09,32587.62785040413
2023-03-10,32550.645424891994
2023-03-11,32496.119739612695
2023-03-12,32452.266794319217
2023-03-13,32417.014401945213
2023-03-14,32411.266213588948
2023-03-15,32407.311539040973
2023-03-16,32392.64572793424
2023-03-17,32412.708234329686
2023-03-18,32416.196561527817
2023-03-19,32430.522942199612
2023-03-20,32452.837923534218
2023-03-21,32503.3068300192
2023-03-22,32553.53046029805
2023-03-23,32590.374607010515
2023-03-24,32658.715402563725
2023-03-25,32706.758625371087
2023-03-26,32761.499816562016
2023-03-27,32819.7494267882
2023-03-28,32901.409066937485
2023-03-29,32977.89036645933
2023-03-30,33035.941215076025
2023-03-31,33120.38660977719
2023-04-01,33179.44248438968
2023-04-02,33240.16962946822
2023-04-03,33299.4921858164
2023-04-04,33377.4670461056
2023-04-05,33445.69591728423
2023-04-06,33491.14504883978
2023-04-07,33558.88005124694
2023-04-08,33597.37435136922
2023-04-09,33633.95852425266
2023-04-10,33665.835075083865
2023-04-11,33713.3450530589
2023-04-12,33748.37825354162
2023-04-13,33758.1919747624
2023-04-14,33788.14567468645
2023-04-15,33787.00996017603
2023-04-16,33782.41700250414
2023-04-17,33771.87678312599
2023-04-18,33776.045364189005
2023-04-19,33767.13674316744
2023-04-20,33732.74305917969
2023-04-21,33718.57030428484
2023-04-22,33673.74779379483
2023-04-23,33626.27833319204
2023-04-24,33574.0533573891
2023-04-25,33538.11914265397
2023-04-26,33491.08559499042
2023-04-27,33420.94236876727
2023-04-28,33373.78949877059
